G1,G2,G3,G4,G5,G6,G7,G8 ,G9,G10,F1,F2,F3,F4,F5,F6,F7,F8,F9,F10,P1,P2,P3,P4,P5,P6,P7,P8,P9,P10,T1,T2,T3,T4,T5,T6,T7,T8,T9,T10,M1,M2,M3,M4,M5,M6,M7,M8,M9,M10,O1,O2,O3,O4,O5,O6,O7,O8,O9,O10,S1,S2,S3,S4,S5,S6,S7,S8,S9,S10,C1,C2,C3,C4,C5,C6,C7,C8,C9,C10
15.452,14.681,12.5,9.9097,7.1958,4.9296,3.5733,2.6003,1.89,1.3047,5.8603,5.77,5.4545,4.7719,3.906,3.0673,2.5707,1.9748,1.2902,0.83266,5.4103,5.2825,4.9056,4.5477,3.8981,3.2524,2.6533,1.8173,1.4866,0.55632,3.4359,3.4062,3.2106,2.9341,2.4045,1.5563,0.74399,0.52326,0.13883,0,1.6416,1.5404,1.3625,0.99097,0.56246,0.3834,0.26711,0.14246,0,0,11.557,11.557,11.534,11.5,11.245,10.661,10.35,9.602,8.8333,7.6035,2.1607,2.1302,1.9473,1.492,1.2863,1.2863,0.96698,0.57595,0.42312,0.24421,4.9576,4.7397,4.0251,3.0997,2.2732,1.1377,0.6837,0.38997,0.15433,0.15433
22.721,22.109,20.347,17.566,14.273,11.067,8.4891,6.3531,4.5996,3.3188,10.321,10.29,10.097,9.8153,8.9943,7.6444,6.1148,5.0985,3.6786,2.6,7.173,7.0891,6.6832,6.1689,5.4285,4.5584,3.8159,3.0477,2.712,1.7949,4.6624,4.6212,4.4647,4.2569,4.1375,3.845,3.5694,3.118,2.8678,2.4335,4.1302,4.0947,3.9492,3.6555,2.9915,2.6382,2.4219,1.7984,0.92183,0.57673,13.262,13.262,13.262,13.262,13.262,13.262,13.093,12.356,11.499,9.9376,3.673,3.6436,3.4568,3.0922,2.8055,2.4587,1.6814,1.3112,1.3112,1.3112,10.959,10.851,10.676,9.8765,8.5385,6.8901,4.9048,3.406,2.205,1.3572
16.544,15.792,13.932,11.317,8.5947,6.0125,4.2171,2.9878,1.9039,1.3677,5.1263,4.9768,4.6687,4.2814,3.6881,2.8446,2.1485,1.851,1.3608,1.1293,4.2828,4.097,3.7759,3.411,2.8195,2.4025,2.1471,1.5631,1.0106,0.62425,3.1847,3.1343,2.9403,2.7684,2.3653,1.934,1.6645,1.4532,0.9756,0.70058,2.6707,2.6203,2.5137,2.4024,2.2772,1.4976,0.72113,0.45403,0.16026,0,8.7862,8.772,8.7011,8.5136,7.8319,7.4332,6.7376,5.9889,4.3851,3.5577,1.836,1.7796,1.6406,1.3928,1.257,0.53845,0.31255,0.1847,0.1847,0.1847,6.5685,6.4498,5.9431,4.8082,3.5231,2.204,1.1853,0.7533,0.36145,0.29526
19.222,18.559,16.81,14.073,11.321,8.6768,6.3564,4.5029,3.0888,2.4009,6.8446,6.7581,6.605,6.1754,5.7483,4.9284,4.3356,3.6756,2.9906,2.2215,7.3454,7.2577,7.0218,6.4397,5.7748,4.9757,4.0682,2.8876,2.4697,1.85,2.9703,2.9016,2.8287,2.4033,2.2292,1.9239,1.8249,1.5012,1.1397,0.7137,4.407,4.4018,4.3366,4.0784,3.3715,3.2058,2.8791,1.963,1.2211,1.2211,9.0601,9.0473,9.0144,8.8672,8.576,7.982,6.959,5.9347,3.7753,3.1661,2.0443,2.012,1.8706,1.6237,1.4773,1.3887,1.0525,0.91835,0.75979,0.59544,7.3538,7.1879,6.7989,5.8313,4.8978,4.0556,2.7471,1.9518,1.2104,1.0169
15.69,14.876,12.816,10.005,7.5559,5.3773,3.7381,2.4885,1.6174,1.2502,6.6221,6.5112,6.2938,5.7482,5.1426,4.4515,3.7662,3.2268,2.6956,2.4596,4.7768,4.6467,4.2713,3.6049,2.9895,2.424,1.7152,1.4187,0.94567,0.79086,3.781,3.7531,3.5449,3.1901,2.6083,1.9353,1.3819,1.0443,0.54031,0.54031,3.9006,3.8859,3.7296,3.5785,3.1459,2.7001,1.7078,1.3358,0.89704,0.55693,4.7299,4.711,4.4038,3.8935,3.3137,2.738,1.8074,0.88746,0.68081,0.56011,2.2674,2.2317,2.1641,1.8093,1.6721,1.3166,1.103,0.68945,0.54614,0.54614,5.1783,4.9527,4.343,3.5141,2.6667,1.9565,1.4831,0.84024,0.66429,0.46651
17.832,17.054,15.202,12.505,9.6761,7.0829,4.7254,3.2698,2.1406,1.4014,6.8435,6.7729,6.5104,5.9601,5.4491,4.5459,3.4986,2.9112,2.1633,1.6292,6.0646,5.9479,5.6381,5.0595,4.3581,3.4255,2.7633,2.1129,1.3636,0.97385,3.7267,3.6473,3.4711,3.3024,3.0204,2.5399,2.1875,1.6407,1.0322,0.75659,2.133,2.0879,1.9521,1.7307,1.1845,0.91979,0.45834,0.32858,0.32858,0,4.8974,4.8031,4.5602,4.3287,3.9095,3.4628,3.2231,2.5733,1.943,1.3402,2.3305,2.2574,2.2237,2.0268,1.8224,1.7252,1.2804,0.89908,0.74758,0.74758,7.7559,7.62,7.2109,6.4314,5.3833,4.4004,3.393,2.8287,2.0791,1.5519
15.454,14.729,12.696,10.157,7.8549,5.8777,4.3813,3.2105,2.3506,1.8271,5.8557,5.7634,5.4053,4.7117,4.1337,3.7738,2.9789,2.4441,1.7053,1.3231,5.8665,5.7556,5.2788,4.4901,3.8906,2.747,2.0008,1.6521,1.5186,0.74514,2.9627,2.9383,2.8476,2.7212,2.2723,1.8185,1.189,0.75333,0.49675,0.36324,2.1433,2.0813,2.0084,1.6489,1.1552,0.97444,0.85769,0.46962,0.17143,0,13.36,13.36,13.36,13.36,13.36,13.36,13.118,12.447,11.277,9.7055,1.9418,1.8871,1.8425,1.7451,1.3274,0.88836,0.55843,0.30136,0,0,5.3384,5.1751,4.5075,3.5193,2.5992,1.9119,1.028,0.68562,0.22148,0.22148
17.793,16.88,14.486,11.547,8.6689,6.37,4.829,3.6263,2.845,1.9232,7.5826,7.4826,7.0405,6.2053,4.9659,4.0193,3.1253,2.7063,1.8399,1.3673,6.0918,5.9876,5.5762,5.0598,4.5083,3.7222,2.8706,2.3384,1.8625,1.621,4.9243,4.9039,4.8844,4.7189,4.2432,3.7257,3.3569,2.7019,2.3266,2.1894,2.5618,2.4906,2.3742,2.0365,1.5021,0.95911,0.50878,0.50878,0.34881,0.18155,9.9032,9.9032,9.8769,9.835,9.4353,8.7986,7.801,6.4764,6.0421,4.2335,2.6599,2.5793,2.3626,2.1333,1.5949,1.4065,1.2866,1.2866,1.2866,0.62871,8.401,8.3,7.8489,6.9142,5.9766,4.9831,3.9757,2.6756,2.1613,1.303
20.047,19.422,17.71,15.227,12.348,9.4003,6.8312,4.5631,2.9577,1.7641,5.4791,5.3679,5.1265,4.7381,4.1249,3.5204,3.1226,2.4658,1.6376,1.1123,8.1003,7.9926,7.7154,7.1369,6.4948,5.9274,4.8421,3.953,2.9971,1.9081,3.4116,3.3458,3.278,3.0621,2.9366,2.466,2.0092,1.2535,1.1204,0.71137,5.3528,5.3198,5.3198,5.2344,5.1684,5.0783,4.8539,4.1833,3.1474,2.466,5.395,5.3744,5.3071,5.0574,4.5056,3.9755,3.5617,2.9985,2.4708,2.2274,2.2652,2.2061,2.0865,1.8317,1.577,1.2154,1.2154,0.82997,0.6867,0.34519,7.9992,7.8703,7.4878,6.8361,5.934,4.9249,3.5413,2.3841,1.6957,0.84534
15.453,14.646,12.507,9.8373,7.4086,5.2129,3.6957,2.6297,1.7796,1.3264,5.3697,5.2186,4.8908,4.3736,3.6379,2.7026,2.0107,1.483,1.0004,0.84976,5.9333,5.8341,5.3963,4.7195,3.9826,3.1946,2.7558,2.2297,1.4808,1.2455,3.9417,3.9027,3.6342,3.1825,3.0553,2.6099,2.2492,1.9229,1.4238,0.857,5.8805,5.8524,5.7522,5.6966,5.4725,5.3824,4.5393,4.2772,2.9467,1.5888,7.3984,7.3856,7.3146,7.0576,6.1117,5.6564,4.7976,3.9608,3.751,3.3863,1.6456,1.5612,1.3859,1.025,0.95136,0.57487,0.47266,0.47266,0.17073,0,6.4698,6.2514,5.7084,4.9168,4.0543,3.1047,2.0391,1.528,1.2456,0.98497
17.996,17.26,15.396,12.824,10.299,8.0215,6.1776,4.815,3.8128,2.9973,4.9782,4.8868,4.523,4.0064,3.3926,2.8073,2.3207,1.7827,1.513,1.3582,3.68,3.5487,3.3603,2.8064,2.3607,1.8286,1.2397,0.77401,0.5721,0.34319,2.8509,2.8009,2.7156,2.5103,2.1349,1.6824,1.2035,0.66642,0.28346,0,2.7592,2.7239,2.6902,2.2203,1.7231,1.5459,1.0146,0.87746,0.44303,0.44303,10.609,10.609,10.556,10.471,10.226,9.5248,8.6829,7.6724,7.0351,6.0679,2.4013,2.3602,2.2342,2.0788,1.7167,1.4623,1.3553,1.2175,0.7477,0.58483,4.214,4.0929,3.7096,2.9019,2.2045,1.5771,1.0608,0.85956,0.40855,0.34366
17.727,17.065,15.121,12.159,9.2339,6.9387,4.7968,3.3711,2.2602,1.6968,7.0769,7.0226,6.7416,6.0557,5.3934,4.6607,3.3973,2.5171,1.7665,1.3112,4.481,4.3848,4.0185,3.4726,2.8197,2.2256,1.7279,1.6094,1.1978,1.0444,5.119,5.0618,4.9047,4.6472,4.2988,3.5521,3.0841,2.2063,2.0883,1.5412,4.7273,4.7273,4.5892,4.4997,4.1633,3.212,2.671,1.8975,1.4415,1.2689,3.9131,3.8351,3.5653,3.0589,2.7251,2.0185,1.6239,1.3549,1.1398,1.1398,2.7252,2.6717,2.6253,2.2672,1.8169,1.7267,1.7267,1.4611,1.4611,1.1225,6.9381,6.7848,6.5263,5.9365,5.3281,4.5702,3.7823,3.2158,2.6261,2.1064
17.059,16.381,14.8,12.544,10.163,7.73,5.5415,4.0685,2.857,1.9008,7.3417,7.2341,6.9341,6.5253,5.6744,4.9028,4.3433,3.7517,2.7338,1.5784,4.9564,4.7965,4.5427,3.9158,3.4675,2.6146,2.0656,1.5389,1.2723,0.9655,5.0349,5.0043,4.8179,4.638,4.0654,3.6932,2.8621,2.3325,2.2097,1.9282,3.4138,3.3805,3.2433,3.0341,2.965,2.4443,2.0042,1.3745,0.91664,0.57047,5.6033,5.5334,5.2206,5.0229,4.7286,4.3424,3.7947,3.5266,3.3242,2.4593,2.5421,2.525,2.403,2.2364,2.0939,1.5292,1.1977,0.94811,0.94811,0.77285,8.0127,7.8854,7.4835,6.4736,5.4222,4.3176,3.2143,2.4612,1.7239,1.2135
16.885,16.161,14.276,11.924,9.5259,7.0965,5.4245,4.0259,2.6557,1.9122,7.4356,7.3625,7.0641,6.6056,6.0955,5.2741,4.8265,4.1651,3.5632,2.8761,7.2654,7.2081,6.9683,6.684,5.8507,4.7692,3.7296,2.7221,1.9064,1.5201,2.574,2.5715,2.451,2.156,1.7031,1.2033,0.74595,0.63375,0.50295,0.35818,3.2179,3.1724,3.0766,2.8104,2.3873,1.8391,1.1683,0.65263,0.34485,0,6.4404,6.4256,6.1292,5.7215,5.1116,4.4757,4.0929,3.5502,2.6954,2.2217,2.3115,2.2533,2.0804,1.8221,1.5377,1.2617,0.80852,0.80852,0.36512,0.19086,3.2493,3.0632,2.5397,1.9004,1.3453,0.88171,0.67493,0.47718,0.13907,0.076277
23.208,22.676,21.069,18.729,15.762,12.618,10.309,7.7959,6.1262,4.6582,6.8123,6.7812,6.519,6.1424,5.6963,5.2867,5.1361,4.1304,3.6574,3.1991,10.361,10.309,10.147,9.841,9.2325,8.5474,7.5566,6.4876,5.2049,4.1314,3.6761,3.6348,3.4679,3.3545,3.1758,2.7102,2.5329,2.4219,1.9154,1.6322,3.0912,3.0232,2.8261,2.571,2.3696,2.1978,1.9813,1.5927,1.4425,1.2676,6.9801,6.9726,6.7748,6.5733,6.3284,5.3425,4.9543,3.9205,3.0777,2.243,3.6279,3.6279,3.5089,3.4673,3.2754,2.8273,2.4983,2.4983,1.8947,1.0222,8.7731,8.6502,8.1687,7.217,6.1251,4.1324,2.616,1.6555,1.3657,0.97528
27.068,26.654,25.415,23.398,20.851,18.193,15.362,12.603,10.379,8.2035,7.7242,7.6693,7.4592,7.21,6.6726,6.256,5.0766,4.6527,4.1796,3.7195,11.697,11.687,11.471,11.028,10.794,9.9227,9.5252,8.8307,8.3548,6.8783,4.6506,4.6398,4.4993,4.3763,4.091,3.5136,3.3316,2.7802,2.527,1.8388,3.885,3.8608,3.8359,3.7796,3.2738,3.0986,2.8729,2.5004,2.0574,1.8788,11.987,11.986,11.915,11.838,11.737,11.605,10.975,10.687,10.362,9.8759,4.3918,4.391,4.3214,4.0894,3.8002,3.342,3.2317,3.1116,2.6483,1.4514,13.748,13.695,13.431,12.934,11.86,10.379,8.7541,6.9628,5.4126,3.8189
17.356,16.67,14.831,12.283,9.3561,7.0769,4.992,3.3669,2.1831,1.3898,5.6867,5.5704,5.3266,4.7257,4.1032,3.3395,2.3557,1.5365,1.0618,0.82866,4.1109,4.0179,3.7782,3.3584,2.8157,2.3059,1.911,1.4932,1.0738,0.84642,3.5202,3.4456,3.1653,2.9599,2.6623,2.352,1.9784,1.7619,1.6381,1.5011,3.0646,3.0261,2.9527,2.6492,2.434,1.729,1.1763,0.78191,0.16446,0,8.0036,7.9506,7.8082,7.7336,7.3748,6.8518,5.8903,5.4308,4.0248,3.0737,3.3386,3.2984,3.2307,3.0725,2.9396,2.7595,2.6468,2.0193,1.5863,1.2624,9.3859,9.2634,8.7577,8.2103,6.882,5.7736,4.4311,3.0851,1.8422,0.94405
19.595,18.861,16.948,14.077,11.105,8.039,5.6648,3.6706,2.4534,1.3459,4.8747,4.7752,4.447,3.7177,3.1123,2.3662,1.972,1.3955,1.0598,0.45014,6.6898,6.571,6.2122,5.8018,5.1649,4.4579,3.4639,2.6387,2.011,1.0912,4.0507,4.0003,3.9319,3.7212,3.6594,3.5126,3.0588,2.4047,1.8989,1.1894,2.6338,2.5946,2.4016,2.2507,1.8816,1.2646,1.0491,0.80512,0.52109,0.18068,7.8328,7.7595,7.5885,7.2644,6.8637,6.5452,6.2213,5.2889,4.852,3.8823,2.2608,2.2388,2.1806,2.1313,1.9239,1.7428,1.5154,1.5154,0.9214,0.41712,8.9281,8.8081,8.2995,7.6197,6.4927,4.9707,3.9231,2.512,1.5967,0.74141
22.141,21.617,20.157,18.063,15.449,12.651,9.7056,7.2671,5.2399,3.8427,8.385,8.3167,7.9988,7.2707,6.101,5.3385,4.2376,3.2997,2.8291,2.2978,6.8429,6.8015,6.5861,5.9711,5.4685,5.0241,4.2786,3.635,2.7468,2.1158,5.2248,5.2228,5.0999,4.8984,4.7134,4.5586,4.1859,3.091,2.3679,1.5281,4.8335,4.8,4.6693,4.2055,3.8579,3.2997,2.8574,2.4671,2.0187,1.6935,11.395,11.381,11.348,11.245,11.028,10.382,9.4384,8.7976,8.1533,7.7959,2.9563,2.8987,2.7653,2.4576,2.2668,1.9029,1.5666,0.91914,0.77737,0.77737,13.371,13.325,13.068,12.52,11.678,10.125,8.3911,6.9444,5.2735,3.8395
21.939,21.387,19.817,17.613,15.139,12.694,9.9848,7.7388,5.867,4.413,9.6996,9.6365,9.4165,9.0537,8.1041,7.375,6.1687,5.0977,4.3457,3.183,9.4123,9.3596,9.0477,8.66,7.8045,6.8068,5.5023,4.3907,2.9456,2.1698,5.9549,5.9363,5.869,5.7907,5.6117,5.3891,4.8486,4.1929,3.3161,2.463,4.3577,4.3353,4.2731,3.834,3.3134,2.9559,1.9837,1.3238,1.1665,0.47349,13.003,13.003,13.003,13.003,13.003,12.932,12.603,11.571,9.9672,8.7609,2.9753,2.9408,2.8224,2.6697,2.5344,2.1594,1.7187,1.1976,0.60632,0.60632,17.822,17.819,17.77,17.553,16.872,15.499,13.621,11.284,8.9446,6.9658
17.102,16.36,14.453,12.146,9.7013,7.4308,5.1411,3.6879,2.4365,1.7786,5.5237,5.429,5.136,4.5863,4.2018,3.2962,2.3934,1.5141,1.0404,0.80687,6.6469,6.5426,6.2558,5.6146,5.0459,4.3947,3.3125,2.5946,1.7943,1.5641,6.1042,6.0912,5.9282,5.7152,5.251,4.5611,4.1091,3.1398,2.7741,2.3476,4.3737,4.351,4.2221,3.9115,3.6212,3.0799,2.4267,1.912,0.99237,0.82184,7.0959,7.0783,6.9643,6.8143,6.2145,5.407,4.7233,3.8892,2.8259,1.7529,3.0999,3.0381,2.7988,2.456,2.1834,2.0002,1.8874,1.8874,1.8874,1.39,10.127,9.9937,9.5616,8.8838,8.0958,7.2442,5.4463,4.0954,3.0538,2.2707
19.264,18.645,16.929,14.525,11.755,9.0843,6.7761,5.0815,3.6805,2.6983,9.9909,9.8958,9.6348,8.8598,7.8321,6.5427,5.3005,4.4048,3.0566,2.1307,7.3277,7.2058,6.8938,6.3023,5.6954,4.875,3.7441,2.7981,2.134,1.5928,4.1599,4.1486,4.0617,3.9258,3.6157,3.3841,3.1192,2.9079,1.9128,1.6309,1.9005,1.8943,1.5199,1.3348,0.84656,0.76184,0.44355,0.19387,0.19387,0.19387,11.771,11.755,11.671,11.562,11.262,11.009,10.525,10.248,9.9209,9.1749,3.827,3.7953,3.6604,3.4618,3.257,3.1671,3.1671,2.7812,2.1708,1.6477,12.634,12.606,12.352,11.57,10.26,8.8522,6.9074,4.9953,3.1999,1.8254
23.147,22.624,20.88,18.353,15.512,12.505,9.7766,7.2437,5.2121,3.9253,8.2354,8.166,7.8228,7.1504,6.0453,4.7248,3.4835,2.5248,1.768,1.2323,4.5749,4.4815,4.1006,3.691,3.0843,2.7255,2.4246,2.0639,1.7835,1.6292,4.8359,4.7538,4.7337,4.5563,4.1589,3.4687,2.9293,2.8128,1.6984,1.5626,4.0155,3.9761,3.8991,3.7689,3.4822,2.9339,2.2889,1.7751,1.4752,0.97449,12.808,12.808,12.808,12.733,12.595,12.281,11.503,10.579,9.5007,9.1231,3.3103,3.2365,3.2365,2.9457,2.6095,2.2557,1.92,1.7912,1.6378,0.96003,15.037,15.01,14.731,14.374,13.714,12.462,11.036,8.7686,6.6365,5.1497
16.268,15.547,13.494,11.049,8.4093,6.3726,4.7908,3.7044,2.8153,2.2277,5.2876,5.1855,4.8697,4.1859,3.5445,2.8227,2.0425,1.5654,1.1583,0.77482,7.3404,7.2982,7.0246,6.5628,5.9517,5.1489,3.9251,2.9747,2.4387,2.0519,7.591,7.591,7.591,7.1344,6.9598,6.3635,5.7199,5.5031,4.3816,3.6569,4.9868,4.9669,4.9404,4.8826,4.6054,3.6738,2.6917,1.5711,0.55137,0.20764,11.803,11.798,11.758,11.721,11.527,11.134,10.815,10.082,9.7649,8.286,2.532,2.4609,2.4004,2.2541,1.7745,1.4235,1.0716,0.93506,0.63876,0.63876,8.5636,8.3938,7.8195,7.0052,5.7209,4.2719,3.0873,2.0419,1.23,0.83836
18.878,18.318,16.649,14.322,11.775,9.2232,6.848,4.8296,3.4888,2.422,6.877,6.7755,6.3538,5.8226,5.1197,4.1345,3.299,2.7737,2.033,1.3338,8.1237,8.0283,7.6007,7.0149,6.1696,5.5781,4.9205,4.3261,3.1586,2.5412,5.2534,5.2244,5.0801,4.9283,4.8094,4.4205,4.1462,3.926,3.5295,2.955,3.6882,3.6842,3.4304,3.0154,2.8017,2.352,2.0349,1.5312,1.3809,0.69228,5.6443,5.5946,5.4797,5.2034,4.6884,4.0264,3.718,2.8005,2.2633,1.902,2.7672,2.7147,2.6827,2.567,2.3014,1.757,1.3131,0.7961,0.7961,0.62819,11.25,11.21,10.937,10.177,9.2579,7.6962,6.0941,4.7069,3.5686,2.5943
21.856,21.19,19.361,16.866,13.914,10.888,8.2284,6.2511,4.4191,2.9328,5.2107,5.1295,4.8106,4.4012,4.0595,3.4085,2.7128,2.1821,1.5011,1.3423,9.4047,9.278,9.0196,8.5744,8.1689,7.5062,6.1718,5.0409,3.9401,2.3219,3.3227,3.2273,3.1073,2.9886,2.5728,2.4227,1.7933,1.1576,0.78697,0.49074,3.3865,3.3669,3.1555,2.9512,2.1899,1.9079,1.5846,1.0707,0.78234,0.44351,11.923,11.923,11.923,11.842,11.63,11.258,10.721,9.7979,8.3971,7.2033,2.4398,2.3928,2.2017,1.9978,1.7235,1.3771,1.2725,0.87381,0.87381,0.87381,11.147,11.102,10.657,9.9098,9.0244,7.2344,5.968,4.9787,3.4299,2.1228
17.493,16.783,14.831,12.284,9.751,7.4837,5.6871,4.218,3.1862,2.4296,5.9006,5.735,5.3803,4.8669,4.2297,3.661,2.8604,2.0972,1.4241,0.9693,5.4091,5.3158,5.1231,4.5584,4.0552,3.7338,3.0328,2.2735,1.9333,1.0833,5.4356,5.4303,5.3331,5.0398,4.5271,4.0678,3.7942,3.6898,2.9316,2.369,2.2221,2.1674,1.9951,1.8125,1.597,1.4338,0.90655,0.52569,0.52569,0.19178,14.031,14.031,14.031,13.99,13.784,13.119,12.806,12.524,12.191,11.843,1.8495,1.798,1.5445,1.2707,1.0551,0.96954,0.8523,0.72138,0.27011,0.27011,6.7382,6.594,6.0975,5.1743,4.2381,3.4153,2.5295,1.6404,0.99474,0.40619
14.16,13.35,11.307,8.7971,6.2623,4.0998,2.8648,1.9952,1.1765,0.73849,5.3307,5.1658,4.8139,4.2808,3.5019,2.6482,1.7545,1.4096,0.80349,0.42482,6.1868,6.0691,5.6353,5.0457,4.4442,3.363,2.5695,1.8583,1.3793,0.994,2.9918,2.9217,2.72,2.6323,2.2521,2.0337,1.4697,1.0446,0.80393,0.51501,3.9638,3.8879,3.7323,3.5861,3.5861,3.3237,2.8682,2.6134,2.1768,1.8341,7.4673,7.4455,7.3722,7.1501,6.916,6.2113,5.4309,3.758,2.279,1.2964,1.46,1.3195,1.1606,1.1159,0.91496,0.73389,0.73389,0.73389,0.58766,0.42399,5.1619,5.0564,4.5628,3.8992,2.6724,1.8142,1.0037,0.70418,0.1964,0
20.311,19.67,18.022,15.35,12.103,9.1032,6.6684,4.7631,2.9953,1.905,6.331,6.2175,5.9201,5.4674,4.7109,4.0286,3.2279,2.6464,2.238,1.7904,5.4465,5.3373,4.9858,4.1883,2.9504,2.499,1.9525,1.4834,1.0761,0.68587,5.6307,5.6082,5.5314,5.5314,4.9288,4.6303,4.2805,3.5305,2.6666,1.8159,4.8012,4.7898,4.6568,4.5186,4.2926,3.674,3.223,2.7001,2.094,1.5864,7.8447,7.7969,7.6938,7.4243,7.2287,6.5917,5.2371,4.2019,3.1491,2.0659,2.4029,2.3404,2.2407,1.8818,1.6058,1.4247,1.4247,1.3012,0.85332,0.51119,12.257,12.189,12.035,11.307,9.944,8.4225,6.7823,5.394,3.442,2.5469
19.334,18.659,16.827,14.114,11.198,8.487,5.9937,4.0975,2.838,2.0246,7.2811,7.2172,6.8527,6.1712,5.3997,4.3186,3.1528,2.7341,2.2591,1.4997,7.4922,7.414,7.2306,6.8593,6.3346,5.5497,4.2523,2.9492,2.1217,1.7505,4.3557,4.3556,4.2603,4.1735,3.9983,3.5328,3.2599,2.9441,2.9441,2.6739,2.9061,2.8628,2.7217,2.2875,1.7271,1.1854,0.96247,0.45508,0,0,10.576,10.576,10.501,10.419,10.215,9.8359,9.3793,8.0659,6.7732,5.0543,1.8915,1.8189,1.7655,1.671,1.3954,0.86347,0.52767,0.40305,0.24332,0.24332,6.1897,6.0429,5.5793,4.7732,3.7455,2.8098,1.659,1.0574,0.77232,0.44642
23.668,23.095,21.379,18.837,15.885,12.91,10.023,7.4948,5.8985,4.3501,9.6889,9.6594,9.5114,9.1313,8.4822,7.4,5.7506,4.8536,3.8978,2.8922,9.7102,9.6391,9.3462,8.8815,8.4326,7.4865,6.4883,5.4331,4.6155,3.705,5.6666,5.6577,5.5578,5.4296,4.9171,4.6138,4.2598,3.4073,3.1529,2.45,4.2273,4.2097,4.1453,3.779,3.231,2.8965,2.1266,1.8512,1.694,1.3656,12.849,12.84,12.82,12.756,12.756,12.692,12.383,12.01,11.683,10.706,2.1129,2.0711,1.79,1.6146,1.2896,0.6969,0.6969,0.6969,0.6969,0.6969,9.9787,9.8652,9.3606,8.7579,7.5735,6.2682,4.6455,3.3885,2.2499,1.6582
25.898,25.36,23.823,21.859,19.57,17.235,14.8,12.508,10.507,8.7602,10.901,10.874,10.729,10.435,10.054,9.3667,8.6747,7.9711,7.4312,6.827,8.4468,8.3331,8.1498,7.8379,7.1635,6.5804,6.036,4.7867,4.1823,3.408,4.1421,4.0733,3.986,3.6772,3.3834,2.985,2.4318,1.7807,1.4239,1.1467,3.9495,3.9005,3.7612,3.5153,3.3725,2.822,2.4893,2.0993,2.0993,1.7587,9.4599,9.4567,9.4302,9.2483,9.1021,8.5178,7.5746,6.8413,5.8833,4.5368,2.2045,2.1868,2.0399,1.7002,1.5119,1.4189,1.4189,1.2966,1.15,1.15,6.3888,6.2442,5.8649,5.3778,4.8432,4.1875,3.2098,2.7026,2.2995,1.6389
23.154,22.54,20.884,18.33,15.103,11.884,9.0825,6.6851,4.7259,3.361,7.8518,7.7303,7.4022,6.6149,5.958,5.4919,4.9866,4.1513,3.2564,2.5594,6.1059,6.0602,5.845,5.412,4.6779,3.8933,3.1963,2.8443,2.3061,1.9259,4.0827,4.0353,3.9158,3.6724,3.4275,3.3446,2.4016,1.6255,1.2631,0.72267,4.0096,3.9918,3.7979,3.6936,3.4004,2.7569,2.0967,1.6962,0.94334,0.60327,14.448,14.448,14.448,14.448,14.448,14.448,13.984,12.837,11.964,10.878,3.7288,3.6943,3.6208,3.4736,3.4736,3.2832,2.9474,2.8107,2.3486,1.8401,6.5596,6.3823,5.9385,5.2311,4.3929,3.4316,2.6075,1.9013,1.2048,0.88173
19.137,18.454,16.666,14.116,11.593,9.3907,7.4203,5.643,4.5519,3.6743,11.479,11.374,10.937,10.349,9.591,8.7461,8.1533,7.394,6.7917,5.8597,4.3719,4.2798,3.9352,3.2929,2.8173,2.4879,2.0952,1.5522,1.0734,0.6844,3.2489,3.2181,3.0927,2.8061,2.6337,2.4728,1.9297,0.53897,0.41282,0,3.9748,3.9127,3.8074,3.5738,3.4973,3.1311,2.5928,1.799,1.6548,0.64019,8.9619,8.9434,8.9058,8.7506,8.549,8.4117,7.6056,6.5784,6.2636,4.9455,2.5055,2.4599,2.288,2.0498,1.5457,1.3652,1.0254,0.89072,0.74756,0.58093,7.0503,6.8285,6.4613,5.6459,5.0454,4.1685,3.3604,2.8187,2.3039,2.0401
19.769,19.011,17.043,14.105,10.932,8.2464,6.0755,4.2907,2.974,1.9804,5.3037,5.2424,4.9224,4.5156,3.8289,3.0719,2.3811,1.7845,1.3056,0.84521,6.8812,6.7558,6.3395,5.8389,5.1044,4.1099,3.2717,2.4984,1.5428,0.92146,6.1324,6.0836,5.8876,5.7723,5.448,5.3806,5.1837,5.0674,4.6847,4.1093,3.141,3.0619,3.0336,2.7126,2.0629,1.248,1.0171,0.50913,0.35079,0.18989,6.1729,6.128,6.0127,5.6808,4.9606,4.1848,3.3858,2.5421,1.8896,1.7734,1.7526,1.71,1.6165,1.3313,1.2692,1.0742,1.0742,0.82031,0.37158,0.19889,13.088,13.021,12.76,12.436,11.772,10.506,8.7347,6.581,4.7455,3.0632
17.213,16.458,14.602,12.279,9.727,7.4453,5.7414,4.2117,3.1212,2.4383,8.3409,8.3226,8.1962,7.7974,6.9199,6.1153,5.6678,5.1399,4.5987,4.3673,6.3662,6.2701,5.99,5.6497,4.6732,3.857,2.9533,2.2432,1.7097,1.4114,3.5349,3.4846,3.3926,3.2311,3.0475,2.6715,2.3047,1.213,0.84513,0.15076,3.1179,3.071,2.8691,2.5546,2.1775,1.4801,0.96068,0.70285,0.54734,0.37436,4.8018,4.7187,4.5185,4.2976,3.6561,2.8815,2.5676,2.2969,1.7523,1.6277,2.1047,2.0379,1.9059,1.7227,1.6499,1.5691,1.4525,1.4525,1.1457,0.79995,7.0532,6.8909,6.452,5.8854,5.1706,4.4162,3.5818,2.7824,1.747,1.4217
23.51,22.888,21.218,18.967,16.455,13.745,10.846,8.6706,6.4441,4.6636,7.9134,7.7907,7.5392,7.1855,6.7329,5.9594,5.2301,4.6349,4.0991,3.4786,6.3778,6.2767,6.1142,5.8332,5.4684,5.1442,4.442,3.9814,3.2355,2.8425,4.8555,4.8469,4.8469,4.6784,4.4932,4.1091,3.7553,3.1087,2.4911,1.7706,2.994,2.963,2.8399,2.7434,2.6001,2.0619,1.9506,1.4413,0.37656,0.21284,10.321,10.294,10.212,10.066,9.9615,9.837,9.6822,9.4961,9.2827,9.0521,1.4527,1.4064,1.2808,0.92138,0.78704,0.61633,0.28269,0.15705,0,0,7.5483,7.4361,6.9384,6.1635,5.2015,3.9526,2.8901,2.0539,1.5402,0.95506
16.711,15.899,13.785,11.238,8.5989,6.1603,4.3933,3.0626,2.272,1.5421,5.8884,5.7476,5.387,4.839,4.0774,3.2522,2.7541,1.7716,1.2978,1.1394,5.2123,5.0863,4.8009,4.2247,3.604,2.843,2.0442,1.5725,1.2331,0.85542,4.3463,4.2927,4.2314,4.0089,3.6551,3.3642,2.8936,2.4793,2.0982,1.953,4.285,4.2263,4.1138,3.8437,3.5159,3.33,2.8906,2.5062,2.5062,1.8171,5.4199,5.3427,5.032,4.7557,4.2102,3.7497,3.1785,2.7968,2.483,1.3845,1.4915,1.4596,1.2909,0.94136,0.8002,0.62501,0.51459,0.23969,0.23969,0.23969,8.6003,8.4527,7.9596,7.4327,6.9273,5.806,4.9201,4.1777,3.1481,2.304
19.779,19.178,17.371,14.918,12.242,9.6085,7.3267,5.4636,3.9468,2.8171,9.7584,9.6959,9.393,8.9229,8.3524,7.1926,6.2224,5.0312,3.8845,2.9535,4.8455,4.6948,4.382,3.783,3.3938,2.7424,2.1448,1.9124,1.4453,0.9684,5.0935,5.068,4.9569,4.7981,4.5673,3.8122,3.3498,2.8156,2.3194,1.7621,4.9247,4.9101,4.821,4.7765,4.7765,4.6941,4.481,3.838,3.1066,2.7509,10.771,10.771,10.771,10.735,10.409,9.9365,8.5938,8.033,6.7567,5.5313,3.5493,3.5163,3.417,2.8645,2.7148,2.3717,1.927,1.6636,1.2099,1.0439,10.012,9.9008,9.5651,8.7991,7.7483,6.6286,5.3371,3.8329,2.9125,1.9506
20.187,19.541,17.69,15.012,12.093,9.5216,7.1682,5.0591,3.7841,2.5329,6.4361,6.3601,6.1252,5.663,5.1962,4.7022,4.0593,3.2371,2.9631,2.1788,8.7264,8.6412,8.3877,7.9952,7.4477,6.7006,5.9567,4.5385,3.8725,2.8869,4.174,4.1301,4.041,3.9134,3.7387,2.8417,2.567,2.1362,1.6491,1.229,3.5056,3.4754,3.1987,3.0084,2.6578,2.312,1.6509,1.117,0.82559,0.47423,5.97,5.9321,5.6966,5.5171,5.2137,4.8214,4.0568,3.3112,2.8775,2.1532,2.1034,2.0824,2.0238,1.6306,1.4281,1.3304,1.0066,0.74199,0.45953,0.28215,11.741,11.664,11.292,10.654,9.1989,7.8634,6.4668,5.4266,4.6232,3.3922
21.065,20.607,19.252,17.182,14.38,11.523,8.8086,6.5722,4.5678,3.0436,6.4243,6.3092,5.9324,5.3023,4.5522,3.5762,2.8418,2.422,1.6668,1.197,5.0602,4.9794,4.8137,4.3557,4.1041,3.5009,3.0196,2.7276,2.1091,1.73,6.7136,6.682,6.6382,6.5481,6.2468,5.4117,4.5884,3.7152,3.1031,1.8244,7.0081,7.0081,7.0081,6.9597,6.7276,6.5518,6.2354,5.196,4.2916,2.4485,8.437,8.4217,8.3796,8.1221,7.5088,7.0688,6.4357,5.3431,4.2449,3.1583,1.6691,1.6469,1.4935,1.3928,1.1217,0.94169,0.94169,0.4238,0.4238,0.4238,12.06,11.998,11.678,11.242,10.192,9.1512,7.8635,6.4729,5.3241,3.9395
20.56,20.026,18.345,15.926,13.052,9.9888,7.352,5.425,3.8788,2.6946,10.141,10.069,9.7311,9.1939,8.5136,7.1316,6.0994,4.9129,3.5493,2.5447,9.4369,9.3973,9.1179,8.5406,7.7184,6.259,4.9123,4.2003,3.3295,2.3354,5.0992,5.0864,4.9834,4.725,4.443,4.0132,3.7348,2.753,1.4925,0.92723,4.3411,4.3119,4.0571,3.7892,3.5177,2.7724,2.3399,2.3399,1.9055,1.738,5.0021,4.9223,4.7252,4.5719,4.2377,3.9762,3.6621,2.9137,2.3911,1.6732,2.2457,2.2236,2.1241,1.9576,1.8138,1.7259,1.0509,1.0509,0.90632,0.74598,12.251,12.166,11.731,11.066,10.051,8.7596,6.8124,5.417,4.2101,2.9015
20.687,20.109,18.491,15.965,13.364,10.844,8.2695,6.0334,4.4887,3.3673,7.1651,7.0875,6.8077,6.3908,5.9794,5.235,4.2285,3.4002,2.6443,1.9502,10.126,10.074,9.8259,9.2615,8.4403,7.7951,6.3418,4.8709,3.9086,2.9092,3.7998,3.7812,3.5645,3.4765,3.1239,2.5101,2.3162,2.1069,1.6228,1.1918,2.2187,2.1871,2.1363,2.0938,1.789,1.2714,0.8111,0.427,0.427,0.26313,10.313,10.302,10.261,10.002,9.6349,9.4407,8.5604,8.0024,6.933,6.1063,3.1,3.0768,2.9501,2.7979,2.2336,2.0425,1.6994,1.5695,1.2861,0.93864,12.554,12.446,12.193,11.497,10.578,9.3076,7.5126,5.0473,3.8469,3.1238
23.296,22.673,20.75,17.646,14.289,10.849,8.0841,5.6726,3.7676,2.6871,11.036,10.967,10.697,10.227,9.1892,8.0872,7.1318,6.1948,4.8915,4.0459,7.0935,7.0022,6.6433,6.15,5.431,4.4056,3.4515,2.2464,1.5771,0.96452,2.9072,2.8232,2.6675,2.4085,2.113,2.0413,1.4933,0.93481,0.93481,0.50921,2.4309,2.4119,2.1788,2.0041,1.5182,1.085,1.085,1.085,0.19029,0.19029,10.136,10.136,10.109,10.074,9.667,9.0798,7.9089,7.0736,6.1388,5.1824,3.6966,3.6376,3.5825,3.4192,3.0707,2.5498,2.1036,1.9802,1.9802,1.6331,9.4867,9.4199,8.9593,8.2828,7.4327,6.0657,4.7143,2.769,1.6137,0.8927
16.136,15.405,13.507,10.725,8.3078,6.0279,4.1247,2.6429,1.7313,1.0578,5.2747,5.1281,4.7432,3.9652,3.3661,2.7124,2.16,1.5104,0.97004,0.57982,6.6864,6.5734,6.2057,5.3431,4.7733,3.8342,2.9903,1.9987,1.3925,1.0056,4.0222,3.9633,3.7559,3.4711,3.0953,2.2492,1.4126,0.77067,0.77067,0.34719,3.9243,3.9006,3.8645,3.8048,3.7249,3.6287,2.8536,2.2079,1.7654,0.93094,6.3222,6.2739,6.1044,5.7244,5.5139,5.0688,4.5119,3.5849,3.1538,2.5429,1.9545,1.9076,1.8126,1.7542,1.6202,1.4557,1.2358,1.1109,0.80183,0.3002,7.2591,7.0469,6.7095,6.1023,5.371,4.8864,3.9317,2.6404,1.3699,0.7812
15.103,14.286,12.202,9.6188,7.3941,5.5398,4.0203,2.8256,2.0414,1.4389,5.1026,4.9472,4.6117,4.0704,3.3335,2.8499,2.4477,1.8465,1.5106,1.1945,5.1979,5.0864,4.8376,4.3004,3.6066,3.1137,2.4655,2.0531,1.6421,1.5609,4.459,4.4112,4.3475,4.3119,4.2568,4.1752,3.9851,3.6686,2.5293,1.5518,2.4746,2.4656,2.2745,1.8322,1.3036,0.84983,0.30692,0.17001,0.17001,0,6.482,6.4114,6.2963,5.9507,5.715,5.4603,4.6771,3.7527,2.9972,2.1418,2.6972,2.6611,2.4283,1.8671,1.6621,1.2225,0.99892,0.99892,0.84416,0.84416,8.3612,8.1727,7.7661,7.0591,6.0429,4.797,3.3618,2.1733,1.493,0.96434
19.299,18.567,16.496,13.569,10.508,7.9613,5.6723,3.7922,2.6995,1.7767,7.5837,7.5131,7.1342,6.6874,5.9203,4.7803,3.5678,2.7399,1.7042,1.2458,6.5398,6.4677,6.0818,5.4799,4.5864,3.7979,3.0055,2.3599,1.6051,1.2952,3.0785,3.0112,2.8408,2.5795,2.4047,1.648,1.0248,0.81211,0.56829,0,3.7947,3.7564,3.669,3.3059,3.0315,2.3853,1.2905,0.7681,0.7681,0.7681,7.2173,7.1775,7.0507,6.8762,6.5934,6.2726,5.4927,4.9268,3.9823,3.0068,2.3659,2.3252,2.3252,2.214,1.9476,1.6781,1.6781,1.4097,1.2518,1.076,11.866,11.797,11.445,10.771,9.9739,8.4182,7.1206,5.1247,4.0435,2.539
15.707,14.972,13.124,10.694,8.3446,6.369,4.7973,3.4733,2.5648,1.982,5.3031,5.2328,4.8439,4.1747,3.2176,2.2441,1.4391,1.1534,0.94693,0.79875,6.3838,6.2753,5.9788,5.3843,4.8781,4.0604,3.2203,2.2159,1.6089,1.2217,3.6678,3.6419,3.5062,3.3778,2.8507,2.2622,1.9818,1.8778,1.1402,0.71696,1.5233,1.4702,1.3888,1.0084,0.79616,0.61007,0.3907,0.14626,0,0,13.504,13.504,13.504,13.504,13.448,13.319,12.518,11.589,10.615,9.8723,2.6245,2.5702,2.3927,1.9533,1.6658,1.4869,1.2718,1.0043,0.85954,0.5228,6.8205,6.6594,6.2645,5.709,4.8985,3.8403,2.922,1.8295,1.2498,0.60896
19.249,18.629,16.88,14.331,11.741,9.0879,6.7593,5.0231,3.6496,2.6719,7.3264,7.2636,6.7608,6.1301,5.5494,4.1512,3.4571,2.4412,1.6142,0.92501,5.972,5.9105,5.4562,5.0587,4.5409,3.7724,3.1291,2.7121,2.2341,1.7041,5.4529,5.4215,5.316,5.1552,4.9168,4.5554,4.0208,3.4689,3.3393,2.6385,2.5852,2.5224,2.3823,2.1572,1.6806,1.4148,1.0801,0.83314,0.40357,0.22754,13.071,13.071,13.071,13.071,12.918,12.715,12.471,12.196,10.993,9.1764,2.5443,2.4775,2.2959,2.2538,1.9783,1.7108,1.2764,1.1394,0.83704,0.66323,13.854,13.806,13.617,13.041,12.008,10.564,8.513,6.7687,4.2862,2.9738
15.599,14.78,12.727,10.109,7.455,5.0883,3.4566,2.3177,1.4657,0.88185,5.7824,5.6611,5.3894,4.8158,3.9722,3.4435,2.8496,2.0748,1.728,1.193,4.135,3.9969,3.5406,3.0732,2.4303,1.8148,1.3329,1.0948,0.75361,0.43975,3.2047,3.1364,2.9567,2.7135,2.3906,1.8129,1.4463,1.2279,0.59708,0.3026,4.9779,4.9515,4.8973,4.8973,4.666,4.1108,3.1445,2.6375,1.882,1.0456,6.8617,6.8179,6.7182,6.4153,5.6712,5.2192,3.9775,3.1621,2.2904,1.1008,1.9672,1.8999,1.7091,1.5036,1.2124,0.92736,0.92736,0.92736,0.92736,0.92736,5.4849,5.3175,4.6143,3.7537,3.1096,2.015,1.1233,0.56884,0.28162,0.14774
19.236,18.573,16.823,14.275,11.119,8.1633,5.705,3.6647,2.2432,1.3772,4.9157,4.8251,4.5027,4.1673,3.6116,3.1763,2.4232,1.6046,1.2009,0.97591,5.4191,5.3078,5.1055,4.7731,3.9876,3.3194,2.6631,1.7848,1.246,0.94776,3.2613,3.2222,3.0668,2.8046,2.3846,2.0722,1.7843,1.4455,1.1991,0.9215,3.5569,3.5359,3.4673,3.2625,2.5451,2.3672,2.3672,2.2434,1.6632,0.81989,5.7004,5.6504,5.4964,4.9621,4.6222,3.8468,3.2261,2.1164,1.5718,0.95529,2.148,2.0511,1.8365,1.6916,1.6188,1.4317,1.1077,0.97518,0.82812,0.82812,6.7259,6.5697,6.1805,5.2827,4.1012,3.0467,1.9899,1.1312,0.67492,0.5461
18.721,18.085,16.151,13.771,11.142,8.8453,6.7602,5.1764,3.7316,2.974,7.352,7.2248,6.9201,6.5613,5.937,4.9683,4.1753,3.3699,2.628,1.9319,5.5313,5.4281,5.097,4.5931,3.9042,3.4201,2.9263,2.5162,1.904,1.3782,3.9296,3.9072,3.7839,3.6135,3.3874,3.166,2.45,2.146,1.3809,0.80544,3.7488,3.7273,3.5369,3.3016,2.8893,2.6226,1.9492,1.4317,1.1335,0.4517,14.025,14.013,13.9,13.761,13.36,13.037,12.649,12.273,12.159,11.918,2.0904,2.0329,1.8961,1.7972,1.4393,1.0888,0.87988,0.48487,0.33702,0,8.334,8.2331,7.7686,7.1248,5.9989,5.0075,3.8899,2.7513,1.4958,1.1616
19.452,18.715,16.899,14.235,11.317,8.4098,5.9848,4.3034,3.0775,2.3906,4.6869,4.5021,4.1591,3.5697,2.8816,2.5957,1.9393,1.6476,1.3862,1.2322,8.153,8.0587,7.8737,7.5664,7.0368,5.7111,4.7689,4.0045,3.409,3.0971,4.8138,4.7619,4.6248,4.2472,3.8218,3.6061,2.7801,2.3471,2.1001,1.6656,5.2826,5.2428,5.1481,5.0409,4.9005,4.4731,4.1424,3.0873,1.3064,0.96214,9.4618,9.4618,9.4454,9.1581,8.7417,8.3476,7.5576,6.0723,5.2158,4.2465,2.3443,2.3392,2.2222,2.0047,1.6602,1.2123,1.0048,1.0048,1.0048,1.0048,10.174,10.082,9.721,8.9998,7.9587,6.6072,4.8781,3.3576,2.3767,1.4091
14.926,14.181,12.207,9.7107,7.4755,5.4415,4.1072,3.2153,2.3513,1.8563,5.4067,5.2566,4.9004,4.2503,3.5587,2.8788,2.2771,1.7484,1.075,0.8352,5.3463,5.2518,5.0425,4.5261,4.2065,3.5498,2.8986,2.5995,1.9952,1.6219,5.7483,5.736,5.5425,5.3315,4.7564,4.2289,3.6699,3.2408,2.7394,2.0134,4.2373,4.2173,4.0502,3.7043,3.0521,2.5108,2.0673,1.8081,1.0785,1.0785,11.15,11.15,11.093,10.949,10.794,10.265,9.9545,8.9333,8.104,6.9036,2.182,2.112,1.8311,1.3794,1.2464,0.73173,0.73173,0.73173,0.58811,0.41379,5.6737,5.5618,5.0135,4.4105,3.3349,2.3698,1.3251,0.98514,0.64372,0.45229
18.231,17.62,15.774,13.329,10.686,8.1357,6.5129,5.065,3.8727,2.8185,5.4085,5.321,5.0941,4.8763,4.3358,3.7657,3.2051,2.5655,2.0932,1.4797,6.1688,6.088,5.9013,5.4435,5.0177,4.3552,3.7552,3.2377,2.4961,1.8131,2.9783,2.8779,2.6714,2.3824,2.1562,2.0788,1.7106,1.7106,1.4616,1.3263,4.2792,4.2542,4.0772,3.6718,3.5294,2.6058,2.2804,1.7588,1.1776,0.66477,10.581,10.514,10.445,10.408,10.26,9.8634,9.31,8.2614,7.4125,6.1829,2.4805,2.4461,2.2543,2.2123,1.9949,1.9113,1.5768,1.323,1.323,0.62959,4.4034,4.2502,3.8203,3.3573,2.7436,1.9434,1.4775,1.2822,0.83277,0.76496
18.185,17.478,15.525,12.904,10.225,7.7248,5.3392,3.5347,2.2748,1.3601,6.9664,6.8484,6.5064,6.0106,5.4322,4.4466,3.7497,2.6978,1.896,1.0477,5.1142,5.003,4.6938,4.2826,3.5562,2.9176,2.3665,1.418,1.1484,0.68926,3.9091,3.8898,3.7818,3.5789,3.2199,2.7516,2.2966,1.9747,1.6052,0.90509,3.676,3.6494,3.5068,3.2226,2.6649,2.1316,1.4666,0.94465,0.79447,0.46871,6.2109,6.1417,5.945,5.6586,5.1163,4.8508,4.3192,3.851,3.539,3.185,2.3694,2.3034,2.1633,1.9964,1.6632,1.12,0.79881,0.55328,0.40944,0.24685,9.4402,9.3532,9.0327,8.4207,7.7418,6.122,4.5273,3.5361,2.3137,1.3976
19.004,18.319,16.725,14.397,11.78,9.2811,7.3701,5.6937,4.2804,3.2315,6.9996,6.8717,6.6175,6.0656,5.4375,4.7797,4.0822,3.0005,2.5997,1.5207,7.6509,7.5503,7.294,6.7594,6.1369,4.9711,4.1191,3.1956,2.1311,1.5145,4.9841,4.931,4.7873,4.6599,4.4778,4.1805,3.9831,3.8685,2.8648,2.7188,3.3682,3.3432,3.2697,2.8449,2.5781,2.1146,1.8852,1.4986,1.3455,1.3455,13.618,13.613,13.562,13.414,13.164,13.164,12.847,12.748,12.645,11.662,2.1829,2.0904,1.8572,1.8121,1.3841,1.0403,1.0403,0.78457,0.78457,0.43344,8.1906,8.0593,7.4884,6.4492,5.0807,3.9045,2.9552,1.9979,1.2624,0.87527
18.351,17.71,16.016,13.554,10.758,7.9487,5.8273,4.1465,3.0901,2.2454,6.7861,6.7127,6.4418,5.8949,5.506,4.9695,4.4351,3.7387,3.1849,2.4157,5.8721,5.8026,5.4378,4.952,4.3362,3.928,3.2232,2.6933,2.2164,1.7642,4.4856,4.4574,4.3302,4.2119,3.8643,3.2452,2.5232,1.3402,1.09,0.66374,4.6013,4.5715,4.4929,4.3432,4.1455,3.5361,3.2186,2.3344,1.7451,1.4076,9.8276,9.8276,9.7306,9.5862,9.2328,8.7893,7.8342,6.7612,5.6886,5.073,2.6646,2.6476,2.5254,2.4309,2.2878,2.19,1.7622,1.6243,1.6243,1.1212,10.091,10.021,9.6564,8.9082,7.463,5.8997,4.2961,3.0469,2.1253,1.4146
23.579,22.998,21.395,19.114,16.261,13.106,10.28,7.8273,5.7468,4.0113,9.1599,9.0819,8.8919,8.5336,7.662,6.94,6.0894,5.1476,3.7297,2.5794,6.883,6.7909,6.6458,6.3535,5.6565,4.8445,4.1409,3.4845,2.3239,1.1719,6.2164,6.2105,6.1621,6.0866,6.0361,5.9679,5.7819,5.3427,5.3427,4.4984,3.8546,3.798,3.7073,3.508,3.0461,2.7788,2.1178,1.0827,0.77135,0.59447,11.923,11.923,11.856,11.783,11.634,11.131,10.746,10.191,9.6463,8.4398,1.9635,1.8863,1.8038,1.7094,1.2898,1.1222,0.91576,0.78174,0.78174,0.78174,11.837,11.749,11.396,10.645,9.7108,8.3653,7.0445,5.5458,4.2787,3.0991
20.354,19.726,17.996,15.524,12.667,9.8638,7.4448,5.1843,3.6722,2.6438,11.903,11.881,11.583,11.142,10.511,9.3754,8.0811,6.8204,5.793,5.0971,5.4273,5.3049,4.9463,4.4599,3.9191,3.3075,2.4948,1.8731,1.1247,0.90156,2.908,2.8463,2.7242,2.3425,1.8906,1.3667,0.91938,0.80528,0.80528,0.80528,2.8719,2.8608,2.7304,2.4666,2.0391,1.4849,1.1508,0.64116,0.49034,0,6.6126,6.585,6.4688,6.118,5.2814,4.4301,3.5471,2.8075,2.2643,1.899,1.6213,1.5916,1.5125,1.2373,1.0914,0.81008,0.69115,0.69115,0.69115,0.69115,12.34,12.269,12.05,11.244,9.921,8.1955,6.1143,4.3,3.142,2.2318
20.502,19.873,18.175,15.718,12.929,10.32,8.0165,6.1823,4.716,3.5104,7.674,7.6342,7.4428,7.0689,6.7983,6.2339,5.6747,4.8613,4.6577,4.0294,8.3889,8.2979,8.0079,7.5366,6.7436,5.6667,4.332,3.3369,2.1157,1.4936,4.4228,4.3966,4.305,4.1061,3.6521,3.0968,2.2673,2.0538,2.0538,1.7592,6.4712,6.4712,6.4712,6.4712,6.2355,5.8943,4.5907,3.9229,2.7398,2.0584,10.641,10.629,10.606,10.539,10.389,9.9931,9.3726,8.2504,7.0738,5.9951,2.1953,2.1769,1.958,1.6349,1.4754,1.2828,1.2828,1.1596,1.0195,0.68516,6.6609,6.522,6.0564,5.2734,4.1374,3.2198,2.6271,1.7288,0.97582,0.33793